customer_id,name,gender,age,city,registration_date
C0001,Customer 0001,Male,41,Rajshahi,2025-06-08
C0002,Customer 0002,Female,52,Dhaka,2024-11-08
C0003,Customer 0003,Female,43,Dhaka,2024-02-18
C0004,Customer 0004,Male,54,Gazipur,2024-04-27
C0005,Customer 0005,Female,55,Rajshahi,2024-02-23
C0006,Customer 0006,Male,38,Rangpur,2025-10-11
C0007,Customer 0007,Female,57,Chattogram,2025-07-18
C0008,Customer 0008,Female,56,Khulna,2024-02-13
C0009,Customer 0009,Male,38,Dhaka,2024-02-22
C0010,Customer 0010,Male,27,Sylhet,2025-08-08
C0011,Customer 0011,Male,55,Dhaka,2025-07-11
C0012,Customer 0012,Female,21,Mymensingh,2025-06-08
C0013,Customer 0013,Female,37,Dhaka,2025-11-07
C0014,Customer 0014,Male,34,Dhaka,2024-04-11
C0015,Customer 0015,Male,24,Chattogram,2025-02-01
C0016,Customer 0016,Female,21,Chattogram,2024-05-17
C0017,Customer 0017,Female,46,Barishal,2025-11-05
C0018,Customer 0018,Female,31,Rangpur,2025-01-21
C0019,Customer 0019,Male,20,Sylhet,2024-04-20
C0020,Customer 0020,Male,41,Dhaka,2025-09-05
C0021,Customer 0021,Male,54,Dhaka,2024-01-17
C0022,Customer 0022,Female,33,Khulna,2024-06-30
C0023,Customer 0023,Male,21,Chattogram,2025-06-19
C0024,Customer 0024,Female,41,Sylhet,2025-06-24
C0025,Customer 0025,Male,51,Gazipur,2024-06-19
C0026,Customer 0026,Female,47,Barishal,2025-02-12
C0027,Customer 0027,Female,35,Rangpur,2025-01-12
C0028,Customer 0028,Female,36,Rajshahi,2024-07-06
C0029,Customer 0029,Male,48,Rangpur,2024-08-17
C0030,Customer 0030,Male,36,Mymensingh,2024-04-28
C0031,Customer 0031,Male,36,Dhaka,2024-06-04
C0032,Customer 0032,Female,39,Barishal,2025-11-17
C0033,Customer 0033,Female,41,Mymensingh,2025-04-09
C0034,Customer 0034,Female,29,Sylhet,2024-04-13
C0035,Customer 0035,Female,47,Rajshahi,2025-08-26
C0036,Customer 0036,Female,55,Chattogram,2025-11-28
C0037,Customer 0037,Male,48,Barishal,2025-05-16
C0038,Customer 0038,Female,53,Barishal,2025-11-23
C0039,Customer 0039,Male,36,Dhaka,2025-11-12
C0040,Customer 0040,Male,53,Cumilla,2025-11-29
C0041,Customer 0041,Male,47,Barishal,2024-06-23
C0042,Customer 0042,Male,50,Khulna,2025-11-04
C0043,Customer 0043,Male,35,Rajshahi,2025-02-24
C0044,Customer 0044,Female,45,Rajshahi,2024-05-13
C0045,Customer 0045,Male,28,Khulna,2025-01-25
C0046,Customer 0046,Female,50,Gazipur,2025-05-15
C0047,Customer 0047,Male,34,Khulna,2025-10-26
C0048,Customer 0048,Male,23,Khulna,2024-02-02
C0049,Customer 0049,Male,21,Rajshahi,2024-02-24
C0050,Customer 0050,Male,37,Rangpur,2025-06-02
C0051,Customer 0051,Female,44,Rajshahi,2025-09-29
C0052,Customer 0052,Male,32,Cumilla,2024-01-12
C0053,Customer 0053,Female,23,Dhaka,2025-06-11
C0054,Customer 0054,Male,31,Mymensingh,2025-12-20
C0055,Customer 0055,Female,28,Rangpur,2025-07-08
C0056,Customer 0056,Female,56,Chattogram,2025-01-07
C0057,Customer 0057,Female,26,Mymensingh,2025-04-28
C0058,Customer 0058,Male,43,Dhaka,2025-10-08
C0059,Customer 0059,Male,33,Cumilla,2024-08-15
C0060,Customer 0060,Male,22,Cumilla,2025-09-14
C0061,Customer 0061,Female,27,Chattogram,2024-11-02
C0062,Customer 0062,Male,20,Rangpur,2025-04-01
C0063,Customer 0063,Male,30,Gazipur,2024-06-08
C0064,Customer 0064,Female,60,Khulna,2024-11-26
C0065,Customer 0065,Male,47,Rangpur,2024-08-12
C0066,Customer 0066,Female,23,Gazipur,2025-12-29
C0067,Customer 0067,Male,34,Cumilla,2025-05-18
C0068,Customer 0068,Male,36,Rajshahi,2025-03-31
C0069,Customer 0069,Female,59,Dhaka,2024-02-14
C0070,Customer 0070,Male,52,Chattogram,2024-08-01
C0071,Customer 0071,Female,43,Dhaka,2024-02-28
C0072,Customer 0072,Male,22,Sylhet,2025-10-05
C0073,Customer 0073,Male,46,Sylhet,2025-09-07
C0074,Customer 0074,Female,54,Rangpur,2024-07-13
C0075,Customer 0075,Female,37,Cumilla,2025-05-03
C0076,Customer 0076,Female,38,Cumilla,2024-06-05
C0077,Customer 0077,Male,27,Khulna,2025-09-01
C0078,Customer 0078,Female,22,Khulna,2024-08-13
C0079,Customer 0079,Male,53,Khulna,2025-02-15
C0080,Customer 0080,Male,23,Rajshahi,2024-07-23
C0081,Customer 0081,Female,43,Mymensingh,2024-03-19
C0082,Customer 0082,Male,21,Barishal,2024-05-03
C0083,Customer 0083,Female,56,Mymensingh,2025-04-15
C0084,Customer 0084,Male,56,Dhaka,2024-08-05
C0085,Customer 0085,Male,52,Mymensingh,2025-05-30
C0086,Customer 0086,Female,18,Rajshahi,2025-08-24
C0087,Customer 0087,Female,41,Dhaka,2024-04-13
C0088,Customer 0088,Female,53,Mymensingh,2025-01-27
C0089,Customer 0089,Female,23,Rajshahi,2025-09-22
C0090,Customer 0090,Female,58,Barishal,2025-10-06
C0091,Customer 0091,Female,48,Mymensingh,2025-08-30
C0092,Customer 0092,Female,37,Rajshahi,2025-03-09
C0093,Customer 0093,Male,41,Khulna,2024-11-26
C0094,Customer 0094,Male,42,Cumilla,2024-05-22
C0095,Customer 0095,Male,53,Khulna,2025-06-23
C0096,Customer 0096,Female,38,Cumilla,2024-10-04
C0097,Customer 0097,Female,47,Chattogram,2024-08-20
C0098,Customer 0098,Male,41,Chattogram,2025-06-12
C0099,Customer 0099,Female,59,Chattogram,2025-07-24
C0100,Customer 0100,Female,47,Barishal,2024-03-30
C0101,Customer 0101,Male,39,Khulna,2025-05-06
C0102,Customer 0102,Female,45,Cumilla,2024-07-17
C0103,Customer 0103,Female,24,Rajshahi,2024-12-27
C0104,Customer 0104,Male,52,Dhaka,2025-03-16
C0105,Customer 0105,Female,45,Rajshahi,2024-01-26
C0106,Customer 0106,Male,31,Dhaka,2024-01-25
C0107,Customer 0107,Female,27,Sylhet,2025-01-28
C0108,Customer 0108,Female,33,Rajshahi,2025-05-21
C0109,Customer 0109,Female,33,Mymensingh,2024-10-27
C0110,Customer 0110,Male,48,Mymensingh,2024-12-04
C0111,Customer 0111,Female,59,Rangpur,2024-09-23
C0112,Customer 0112,Female,42,Khulna,2025-04-05
C0113,Customer 0113,Male,30,Dhaka,2025-11-23
C0114,Customer 0114,Female,23,Dhaka,2025-03-31
C0115,Customer 0115,Male,26,Khulna,2024-12-25
C0116,Customer 0116,Female,53,Barishal,2024-03-08
C0117,Customer 0117,Male,60,Rangpur,2025-02-15
C0118,Customer 0118,Male,37,Barishal,2025-05-05
C0119,Customer 0119,Male,35,Barishal,2024-02-18
C0120,Customer 0120,Female,60,Barishal,2025-11-17
C0121,Customer 0121,Male,38,Khulna,2025-07-17
C0122,Customer 0122,Female,21,Barishal,2024-04-11
C0123,Customer 0123,Male,50,Mymensingh,2024-08-03
C0124,Customer 0124,Male,44,Chattogram,2025-03-13
C0125,Customer 0125,Female,24,Sylhet,2025-11-30
C0126,Customer 0126,Female,23,Dhaka,2025-07-22
C0127,Customer 0127,Male,32,Dhaka,2025-07-12
C0128,Customer 0128,Female,35,Sylhet,2024-06-07
C0129,Customer 0129,Female,49,Khulna,2025-05-03
C0130,Customer 0130,Female,28,Rajshahi,2025-11-16
C0131,Customer 0131,Male,37,Khulna,2024-08-29
C0132,Customer 0132,Male,41,Dhaka,2024-01-05
C0133,Customer 0133,Female,32,Dhaka,2025-08-18
C0134,Customer 0134,Male,24,Sylhet,2024-12-26
C0135,Customer 0135,Female,38,Barishal,2025-04-03
C0136,Customer 0136,Female,59,Khulna,2024-09-04
C0137,Customer 0137,Female,43,Cumilla,2025-07-19
C0138,Customer 0138,Female,31,Sylhet,2025-11-03
C0139,Customer 0139,Female,54,Mymensingh,2025-02-25
C0140,Customer 0140,Male,38,Dhaka,2024-01-15
C0141,Customer 0141,Female,35,Sylhet,2025-07-26
C0142,Customer 0142,Male,22,Khulna,2024-05-01
C0143,Customer 0143,Male,20,Dhaka,2024-10-03
C0144,Customer 0144,Female,40,Rajshahi,2025-07-11
C0145,Customer 0145,Female,43,Sylhet,2025-03-28
C0146,Customer 0146,Female,54,Rangpur,2025-01-24
C0147,Customer 0147,Female,41,Dhaka,2024-10-20
C0148,Customer 0148,Male,36,Khulna,2025-07-27
C0149,Customer 0149,Male,42,Chattogram,2025-08-20
C0150,Customer 0150,Female,38,Cumilla,2025-03-21
C0151,Customer 0151,Male,29,Gazipur,2024-07-28
C0152,Customer 0152,Male,58,Barishal,2025-08-12
C0153,Customer 0153,Male,50,Gazipur,2025-12-14
C0154,Customer 0154,Male,21,Khulna,2024-10-28
C0155,Customer 0155,Male,59,Mymensingh,2024-08-10
C0156,Customer 0156,Male,24,Mymensingh,2024-01-03
C0157,Customer 0157,Male,39,Chattogram,2025-06-01
C0158,Customer 0158,Male,50,Barishal,2024-04-02
C0159,Customer 0159,Female,34,Rangpur,2025-06-03
C0160,Customer 0160,Male,41,Chattogram,2025-03-03
C0161,Customer 0161,Male,51,Gazipur,2025-05-07
C0162,Customer 0162,Female,45,Chattogram,2024-08-22
C0163,Customer 0163,Male,60,Gazipur,2025-09-11
C0164,Customer 0164,Female,58,Dhaka,2024-06-09
C0165,Customer 0165,Female,56,Mymensingh,2025-12-21
C0166,Customer 0166,Male,39,Dhaka,2024-11-26
C0167,Customer 0167,Male,34,Cumilla,2024-11-28
C0168,Customer 0168,Female,51,Barishal,2024-02-19
C0169,Customer 0169,Female,23,Rangpur,2025-06-06
C0170,Customer 0170,Male,23,Gazipur,2025-10-29
C0171,Customer 0171,Female,51,Rangpur,2025-05-06
C0172,Customer 0172,Male,18,Gazipur,2025-08-04
C0173,Customer 0173,Female,27,Khulna,2025-11-11
C0174,Customer 0174,Male,38,Chattogram,2024-09-28
C0175,Customer 0175,Female,22,Cumilla,2025-08-02
C0176,Customer 0176,Female,19,Mymensingh,2024-09-08
C0177,Customer 0177,Female,39,Gazipur,2025-07-13
C0178,Customer 0178,Male,19,Rangpur,2025-11-26
C0179,Customer 0179,Male,27,Cumilla,2025-11-29
C0180,Customer 0180,Male,51,Rajshahi,2024-03-30
C0181,Customer 0181,Male,33,Rajshahi,2025-03-21
C0182,Customer 0182,Male,56,Dhaka,2024-11-27
C0183,Customer 0183,Female,39,Mymensingh,2024-05-18
C0184,Customer 0184,Male,29,Khulna,2024-12-22
C0185,Customer 0185,Male,41,Rangpur,2025-08-23
C0186,Customer 0186,Female,57,Chattogram,2024-09-30
C0187,Customer 0187,Female,55,Chattogram,2024-01-19
C0188,Customer 0188,Female,27,Rangpur,2024-11-06
C0189,Customer 0189,Female,52,Barishal,2024-06-02
C0190,Customer 0190,Male,49,Khulna,2025-01-24
C0191,Customer 0191,Male,24,Cumilla,2024-09-16
C0192,Customer 0192,Female,38,Gazipur,2025-09-11
C0193,Customer 0193,Female,37,Barishal,2025-07-24
C0194,Customer 0194,Male,43,Gazipur,2024-05-04
C0195,Customer 0195,Female,21,Gazipur,2024-12-19
C0196,Customer 0196,Male,39,Barishal,2024-09-29
C0197,Customer 0197,Male,32,Dhaka,2025-09-10
C0198,Customer 0198,Female,57,Rajshahi,2024-09-01
C0199,Customer 0199,Female,38,Gazipur,2025-03-25
C0200,Customer 0200,Female,32,Barishal,2024-09-03
C0201,Customer 0201,Male,39,Barishal,2025-06-03
C0202,Customer 0202,Female,45,Sylhet,2024-05-20
C0203,Customer 0203,Male,31,Dhaka,2024-12-27
C0204,Customer 0204,Male,44,Mymensingh,2024-01-08
C0205,Customer 0205,Female,58,Sylhet,2025-04-22
C0206,Customer 0206,Female,57,Sylhet,2024-12-17
C0207,Customer 0207,Female,45,Rangpur,2025-05-09
C0208,Customer 0208,Female,43,Rajshahi,2025-08-28
C0209,Customer 0209,Female,19,Barishal,2025-03-02
C0210,Customer 0210,Female,42,Rajshahi,2024-02-08
C0211,Customer 0211,Male,20,Khulna,2025-08-15
C0212,Customer 0212,Male,25,Rangpur,2024-07-05
C0213,Customer 0213,Male,50,Mymensingh,2025-08-18
C0214,Customer 0214,Male,59,Rajshahi,2025-08-22
C0215,Customer 0215,Female,52,Chattogram,2024-04-02
C0216,Customer 0216,Male,23,Gazipur,2024-03-26
C0217,Customer 0217,Male,56,Khulna,2024-02-13
C0218,Customer 0218,Male,40,Dhaka,2024-05-16
C0219,Customer 0219,Female,42,Mymensingh,2025-02-24
C0220,Customer 0220,Male,60,Khulna,2024-03-14
C0221,Customer 0221,Female,36,Gazipur,2025-07-01
C0222,Customer 0222,Male,22,Rangpur,2025-09-04
C0223,Customer 0223,Male,28,Gazipur,2025-05-26
C0224,Customer 0224,Female,29,Sylhet,2024-06-04
C0225,Customer 0225,Female,27,Gazipur,2024-09-11
C0226,Customer 0226,Male,25,Sylhet,2024-06-19
C0227,Customer 0227,Female,41,Rangpur,2025-12-28
C0228,Customer 0228,Female,45,Cumilla,2024-06-18
C0229,Customer 0229,Male,58,Sylhet,2024-11-17
C0230,Customer 0230,Female,53,Dhaka,2025-07-20
C0231,Customer 0231,Female,54,Gazipur,2025-03-31
C0232,Customer 0232,Female,38,Gazipur,2025-08-25
C0233,Customer 0233,Female,25,Dhaka,2025-09-04
C0234,Customer 0234,Female,26,Chattogram,2024-06-03
C0235,Customer 0235,Female,32,Barishal,2024-12-14
C0236,Customer 0236,Female,57,Cumilla,2025-03-26
C0237,Customer 0237,Female,35,Mymensingh,2025-10-14
C0238,Customer 0238,Female,59,Sylhet,2024-06-21
C0239,Customer 0239,Female,37,Dhaka,2024-01-10
C0240,Customer 0240,Female,23,Rangpur,2024-09-21
C0241,Customer 0241,Male,29,Sylhet,2025-03-13
C0242,Customer 0242,Female,19,Barishal,2024-09-03
C0243,Customer 0243,Female,24,Rangpur,2025-10-28
C0244,Customer 0244,Male,33,Khulna,2025-06-29
C0245,Customer 0245,Female,20,Gazipur,2025-05-13
C0246,Customer 0246,Male,20,Khulna,2024-05-08
C0247,Customer 0247,Male,44,Sylhet,2025-11-02
C0248,Customer 0248,Female,60,Barishal,2025-08-23
C0249,Customer 0249,Male,57,Cumilla,2025-08-27
C0250,Customer 0250,Female,55,Sylhet,2024-11-22
C0251,Customer 0251,Female,50,Dhaka,2025-02-07
C0252,Customer 0252,Male,45,Rajshahi,2025-09-20
C0253,Customer 0253,Male,18,Sylhet,2025-08-28
C0254,Customer 0254,Male,25,Gazipur,2025-11-05
C0255,Customer 0255,Female,54,Gazipur,2025-09-02
C0256,Customer 0256,Female,49,Sylhet,2025-09-16
C0257,Customer 0257,Female,60,Rangpur,2024-12-24
C0258,Customer 0258,Male,54,Rajshahi,2025-08-25
C0259,Customer 0259,Female,21,Dhaka,2025-12-18
C0260,Customer 0260,Female,47,Sylhet,2024-01-17
C0261,Customer 0261,Female,23,Rangpur,2024-09-30
C0262,Customer 0262,Male,36,Gazipur,2025-11-15
C0263,Customer 0263,Female,49,Gazipur,2024-04-25
C0264,Customer 0264,Female,26,Barishal,2025-11-23
C0265,Customer 0265,Female,29,Sylhet,2024-03-31
C0266,Customer 0266,Male,28,Rajshahi,2024-03-22
C0267,Customer 0267,Female,33,Chattogram,2024-11-19
C0268,Customer 0268,Female,18,Rajshahi,2024-04-23
C0269,Customer 0269,Male,38,Gazipur,2024-02-27
C0270,Customer 0270,Female,47,Gazipur,2024-06-02
C0271,Customer 0271,Female,30,Khulna,2025-02-07
C0272,Customer 0272,Male,51,Gazipur,2025-09-19
C0273,Customer 0273,Male,21,Dhaka,2024-09-22
C0274,Customer 0274,Female,45,Mymensingh,2024-11-10
C0275,Customer 0275,Male,55,Sylhet,2025-12-15
C0276,Customer 0276,Female,48,Rajshahi,2024-02-10
C0277,Customer 0277,Male,44,Mymensingh,2024-04-14
C0278,Customer 0278,Female,22,Rangpur,2024-07-11
C0279,Customer 0279,Male,42,Chattogram,2025-02-04
C0280,Customer 0280,Female,20,Dhaka,2024-10-04
C0281,Customer 0281,Female,50,Rajshahi,2024-12-19
C0282,Customer 0282,Female,21,Mymensingh,2025-08-02
C0283,Customer 0283,Female,42,Chattogram,2025-12-09
C0284,Customer 0284,Male,37,Khulna,2024-09-12
C0285,Customer 0285,Female,51,Dhaka,2025-10-12
C0286,Customer 0286,Male,43,Dhaka,2025-10-22
C0287,Customer 0287,Male,22,Khulna,2024-04-08
C0288,Customer 0288,Male,52,Sylhet,2025-08-10
C0289,Customer 0289,Male,45,Khulna,2024-10-08
C0290,Customer 0290,Female,46,Dhaka,2025-02-06
C0291,Customer 0291,Female,26,Dhaka,2024-04-18
C0292,Customer 0292,Male,55,Mymensingh,2025-11-30
C0293,Customer 0293,Male,23,Gazipur,2024-07-17
C0294,Customer 0294,Female,36,Chattogram,2024-10-29
C0295,Customer 0295,Male,28,Khulna,2024-11-22
C0296,Customer 0296,Male,19,Chattogram,2024-06-02
C0297,Customer 0297,Male,26,Khulna,2025-07-05
C0298,Customer 0298,Female,38,Rangpur,2025-10-06
C0299,Customer 0299,Female,41,Dhaka,2025-02-08
C0300,Customer 0300,Male,51,Gazipur,2025-04-06
C0301,Customer 0301,Male,39,Mymensingh,2024-05-11
C0302,Customer 0302,Female,20,Gazipur,2024-03-24
C0303,Customer 0303,Female,29,Gazipur,2025-02-02
C0304,Customer 0304,Male,45,Gazipur,2025-09-19
C0305,Customer 0305,Female,47,Chattogram,2024-04-18
C0306,Customer 0306,Male,43,Khulna,2024-08-08
C0307,Customer 0307,Male,38,Cumilla,2025-07-06
C0308,Customer 0308,Female,45,Rangpur,2025-01-02
C0309,Customer 0309,Male,43,Rajshahi,2024-05-26
C0310,Customer 0310,Female,50,Gazipur,2024-04-21
C0311,Customer 0311,Male,38,Sylhet,2025-09-06
C0312,Customer 0312,Male,52,Chattogram,2025-07-11
C0313,Customer 0313,Female,51,Mymensingh,2025-05-08
C0314,Customer 0314,Male,58,Rajshahi,2025-05-19
C0315,Customer 0315,Female,35,Cumilla,2025-04-19
C0316,Customer 0316,Male,28,Sylhet,2024-09-27
C0317,Customer 0317,Male,40,Cumilla,2025-02-24
C0318,Customer 0318,Male,39,Rajshahi,2025-12-07
C0319,Customer 0319,Female,34,Gazipur,2025-01-01
C0320,Customer 0320,Male,22,Sylhet,2024-10-06
C0321,Customer 0321,Female,28,Cumilla,2024-10-09
C0322,Customer 0322,Male,47,Mymensingh,2024-02-09
C0323,Customer 0323,Female,32,Khulna,2024-07-07
C0324,Customer 0324,Male,44,Dhaka,2024-06-12
C0325,Customer 0325,Female,52,Khulna,2025-06-19
C0326,Customer 0326,Female,50,Rajshahi,2025-06-19
C0327,Customer 0327,Female,37,Chattogram,2024-01-04
C0328,Customer 0328,Female,33,Dhaka,2024-10-16
C0329,Customer 0329,Female,51,Rangpur,2025-03-08
C0330,Customer 0330,Female,19,Mymensingh,2025-04-15
C0331,Customer 0331,Male,52,Rangpur,2024-06-29
C0332,Customer 0332,Male,57,Sylhet,2024-09-04
C0333,Customer 0333,Female,45,Dhaka,2025-09-19
C0334,Customer 0334,Female,56,Rangpur,2024-10-05
C0335,Customer 0335,Female,23,Rangpur,2025-08-03
C0336,Customer 0336,Male,26,Cumilla,2024-09-10
C0337,Customer 0337,Male,37,Khulna,2024-06-29
C0338,Customer 0338,Male,18,Cumilla,2025-11-11
C0339,Customer 0339,Female,25,Dhaka,2025-05-23
C0340,Customer 0340,Male,40,Dhaka,2025-11-30
C0341,Customer 0341,Male,20,Rajshahi,2025-07-19
C0342,Customer 0342,Male,21,Cumilla,2024-11-21
C0343,Customer 0343,Male,42,Barishal,2024-12-22
C0344,Customer 0344,Female,55,Khulna,2025-10-11
C0345,Customer 0345,Male,32,Dhaka,2025-11-10
C0346,Customer 0346,Female,38,Rajshahi,2025-01-25
C0347,Customer 0347,Male,52,Cumilla,2025-09-06
C0348,Customer 0348,Male,31,Khulna,2024-03-25
C0349,Customer 0349,Male,53,Cumilla,2024-11-12
C0350,Customer 0350,Male,29,Rangpur,2024-07-30
C0351,Customer 0351,Male,34,Rajshahi,2025-05-29
C0352,Customer 0352,Male,56,Khulna,2025-01-18
C0353,Customer 0353,Female,26,Gazipur,2025-11-21
C0354,Customer 0354,Male,52,Sylhet,2024-12-07
C0355,Customer 0355,Female,30,Sylhet,2024-02-07
C0356,Customer 0356,Female,32,Khulna,2025-05-25
C0357,Customer 0357,Female,35,Cumilla,2025-02-23
C0358,Customer 0358,Male,50,Rajshahi,2024-06-17
C0359,Customer 0359,Male,23,Sylhet,2024-12-08
C0360,Customer 0360,Male,44,Rajshahi,2024-11-01
C0361,Customer 0361,Male,40,Sylhet,2025-06-25
C0362,Customer 0362,Female,44,Rangpur,2025-12-02
C0363,Customer 0363,Male,51,Cumilla,2025-06-20
C0364,Customer 0364,Male,55,Rangpur,2024-04-21
C0365,Customer 0365,Female,31,Sylhet,2025-02-14
C0366,Customer 0366,Female,53,Gazipur,2024-07-24
C0367,Customer 0367,Female,25,Gazipur,2024-07-03
C0368,Customer 0368,Male,52,Rangpur,2025-01-16
C0369,Customer 0369,Male,36,Gazipur,2025-05-10
C0370,Customer 0370,Male,47,Sylhet,2025-01-13
C0371,Customer 0371,Male,31,Khulna,2024-02-16
C0372,Customer 0372,Male,37,Rangpur,2025-07-04
C0373,Customer 0373,Male,42,Chattogram,2025-06-11
C0374,Customer 0374,Male,57,Cumilla,2025-05-18
C0375,Customer 0375,Male,41,Gazipur,2024-01-22
C0376,Customer 0376,Male,31,Gazipur,2024-07-31
C0377,Customer 0377,Female,43,Dhaka,2024-11-05
C0378,Customer 0378,Female,55,Barishal,2025-10-22
C0379,Customer 0379,Female,40,Rangpur,2024-09-28
C0380,Customer 0380,Male,39,Mymensingh,2025-07-24
C0381,Customer 0381,Male,36,Gazipur,2024-07-20
C0382,Customer 0382,Male,20,Cumilla,2024-02-01
C0383,Customer 0383,Female,59,Chattogram,2025-03-18
C0384,Customer 0384,Female,36,Gazipur,2024-06-10
C0385,Customer 0385,Male,26,Chattogram,2024-09-10
C0386,Customer 0386,Female,45,Sylhet,2025-06-04
C0387,Customer 0387,Male,37,Sylhet,2025-10-12
C0388,Customer 0388,Female,24,Barishal,2025-04-24
C0389,Customer 0389,Female,31,Khulna,2024-01-10
C0390,Customer 0390,Female,26,Mymensingh,2025-12-26
C0391,Customer 0391,Female,36,Dhaka,2025-05-19
C0392,Customer 0392,Female,31,Barishal,2025-07-13
C0393,Customer 0393,Male,55,Rajshahi,2025-03-11
C0394,Customer 0394,Female,53,Dhaka,2024-04-20
C0395,Customer 0395,Male,57,Rangpur,2024-06-01
C0396,Customer 0396,Female,34,Cumilla,2025-09-26
C0397,Customer 0397,Female,47,Rajshahi,2024-04-11
C0398,Customer 0398,Female,26,Rajshahi,2024-07-09
C0399,Customer 0399,Male,50,Barishal,2025-12-29
C0400,Customer 0400,Female,42,Khulna,2025-07-16
C0401,Customer 0401,Female,31,Barishal,2024-03-21
C0402,Customer 0402,Female,28,Rangpur,2025-05-03
C0403,Customer 0403,Male,52,Gazipur,2024-03-28
C0404,Customer 0404,Male,58,Gazipur,2024-07-12
C0405,Customer 0405,Male,31,Khulna,2024-04-13
C0406,Customer 0406,Male,47,Rangpur,2024-04-05
C0407,Customer 0407,Female,58,Khulna,2025-02-26
C0408,Customer 0408,Male,21,Chattogram,2024-07-16
C0409,Customer 0409,Female,21,Gazipur,2024-01-01
C0410,Customer 0410,Male,45,Rajshahi,2025-02-10
C0411,Customer 0411,Male,25,Mymensingh,2025-01-12
C0412,Customer 0412,Female,19,Cumilla,2024-06-15
C0413,Customer 0413,Female,58,Rangpur,2025-05-23
C0414,Customer 0414,Male,39,Dhaka,2025-09-29
C0415,Customer 0415,Female,58,Khulna,2024-11-08
C0416,Customer 0416,Female,33,Cumilla,2025-08-15
C0417,Customer 0417,Male,46,Dhaka,2025-02-21
C0418,Customer 0418,Female,47,Cumilla,2025-11-11
C0419,Customer 0419,Female,29,Mymensingh,2025-04-21
C0420,Customer 0420,Female,52,Dhaka,2024-03-13
C0421,Customer 0421,Male,28,Barishal,2024-05-20
C0422,Customer 0422,Female,38,Sylhet,2025-08-04
C0423,Customer 0423,Male,38,Barishal,2024-09-18
C0424,Customer 0424,Male,22,Gazipur,2024-12-05
C0425,Customer 0425,Male,37,Sylhet,2024-11-03
C0426,Customer 0426,Male,54,Barishal,2024-09-01
C0427,Customer 0427,Female,20,Sylhet,2025-05-29
C0428,Customer 0428,Female,50,Sylhet,2024-12-02
C0429,Customer 0429,Female,26,Rajshahi,2025-07-28
C0430,Customer 0430,Male,26,Khulna,2025-07-14
C0431,Customer 0431,Male,21,Khulna,2024-03-16
C0432,Customer 0432,Male,52,Rajshahi,2024-06-23
C0433,Customer 0433,Female,34,Cumilla,2024-04-18
C0434,Customer 0434,Male,51,Chattogram,2024-07-01
C0435,Customer 0435,Female,41,Cumilla,2024-07-10
C0436,Customer 0436,Female,49,Dhaka,2024-03-05
C0437,Customer 0437,Male,18,Dhaka,2025-04-18
C0438,Customer 0438,Female,25,Sylhet,2024-04-09
C0439,Customer 0439,Male,40,Barishal,2025-06-27
C0440,Customer 0440,Female,57,Barishal,2024-05-07
C0441,Customer 0441,Female,29,Khulna,2025-03-27
C0442,Customer 0442,Male,29,Rangpur,2025-01-03
C0443,Customer 0443,Male,32,Cumilla,2024-02-12
C0444,Customer 0444,Female,58,Gazipur,2025-02-22
C0445,Customer 0445,Female,36,Mymensingh,2025-05-02
C0446,Customer 0446,Male,43,Barishal,2024-03-18
C0447,Customer 0447,Female,46,Mymensingh,2024-09-26
C0448,Customer 0448,Female,39,Sylhet,2025-11-04
C0449,Customer 0449,Female,57,Mymensingh,2025-12-01
C0450,Customer 0450,Male,38,Gazipur,2025-12-28
C0451,Customer 0451,Female,55,Rajshahi,2024-11-10
C0452,Customer 0452,Female,37,Gazipur,2024-06-16
C0453,Customer 0453,Male,46,Mymensingh,2024-12-04
C0454,Customer 0454,Male,21,Gazipur,2024-07-11
C0455,Customer 0455,Female,24,Chattogram,2025-03-28
C0456,Customer 0456,Male,45,Sylhet,2024-10-09
C0457,Customer 0457,Female,45,Cumilla,2024-12-01
C0458,Customer 0458,Male,21,Rajshahi,2025-01-24
C0459,Customer 0459,Male,39,Barishal,2025-06-08
C0460,Customer 0460,Female,29,Dhaka,2024-08-27
C0461,Customer 0461,Male,20,Cumilla,2025-04-27
C0462,Customer 0462,Male,39,Dhaka,2025-10-20
C0463,Customer 0463,Male,19,Sylhet,2025-12-16
C0464,Customer 0464,Female,41,Rajshahi,2025-08-14
C0465,Customer 0465,Male,51,Khulna,2025-07-08
C0466,Customer 0466,Male,44,Barishal,2025-04-02
C0467,Customer 0467,Female,58,Chattogram,2024-03-29
C0468,Customer 0468,Male,18,Khulna,2025-10-21
C0469,Customer 0469,Female,25,Sylhet,2024-04-04
C0470,Customer 0470,Male,40,Cumilla,2025-03-27
C0471,Customer 0471,Female,55,Chattogram,2025-03-03
C0472,Customer 0472,Male,23,Gazipur,2024-05-30
C0473,Customer 0473,Female,39,Mymensingh,2025-05-28
C0474,Customer 0474,Male,42,Chattogram,2025-01-10
C0475,Customer 0475,Male,35,Sylhet,2024-01-22
C0476,Customer 0476,Male,34,Rangpur,2024-11-08
C0477,Customer 0477,Male,29,Mymensingh,2025-06-02
C0478,Customer 0478,Male,23,Dhaka,2024-07-24
C0479,Customer 0479,Male,43,Barishal,2025-01-09
C0480,Customer 0480,Female,44,Dhaka,2025-03-26
C0481,Customer 0481,Male,25,Chattogram,2025-09-17
C0482,Customer 0482,Male,36,Dhaka,2025-08-17
C0483,Customer 0483,Female,59,Sylhet,2024-06-27
C0484,Customer 0484,Female,18,Gazipur,2024-07-28
C0485,Customer 0485,Male,46,Cumilla,2025-05-14
C0486,Customer 0486,Male,52,Barishal,2025-04-08
C0487,Customer 0487,Male,57,Dhaka,2024-05-03
C0488,Customer 0488,Female,31,Dhaka,2024-04-22
C0489,Customer 0489,Female,52,Chattogram,2024-01-12
C0490,Customer 0490,Male,37,Cumilla,2024-05-05
C0491,Customer 0491,Female,30,Khulna,2025-07-18
C0492,Customer 0492,Female,55,Dhaka,2024-11-26
C0493,Customer 0493,Female,25,Sylhet,2024-10-09
C0494,Customer 0494,Female,60,Rangpur,2024-05-19
C0495,Customer 0495,Male,37,Barishal,2025-02-04
C0496,Customer 0496,Male,50,Dhaka,2024-04-06
C0497,Customer 0497,Male,43,Sylhet,2025-05-31
C0498,Customer 0498,Male,56,Sylhet,2025-07-22
C0499,Customer 0499,Female,38,Barishal,2024-03-09
C0500,Customer 0500,Female,59,Khulna,2024-04-27
C0501,Customer 0501,Male,60,Sylhet,2024-02-28
C0502,Customer 0502,Male,58,Rangpur,2024-02-02
C0503,Customer 0503,Male,26,Sylhet,2024-11-13
C0504,Customer 0504,Female,41,Sylhet,2024-02-19
C0505,Customer 0505,Male,54,Sylhet,2025-05-03
C0506,Customer 0506,Male,58,Gazipur,2024-01-19
C0507,Customer 0507,Male,34,Gazipur,2025-12-26
C0508,Customer 0508,Male,41,Khulna,2024-07-15
C0509,Customer 0509,Female,38,Dhaka,2025-03-25
C0510,Customer 0510,Female,56,Sylhet,2025-07-12
C0511,Customer 0511,Male,58,Cumilla,2025-11-09
C0512,Customer 0512,Female,56,Dhaka,2025-03-27
C0513,Customer 0513,Female,30,Khulna,2024-10-15
C0514,Customer 0514,Female,28,Rajshahi,2024-05-20
C0515,Customer 0515,Male,36,Dhaka,2024-03-24
C0516,Customer 0516,Male,28,Dhaka,2025-11-24
C0517,Customer 0517,Male,30,Mymensingh,2025-01-25
C0518,Customer 0518,Female,18,Chattogram,2025-08-13
C0519,Customer 0519,Male,57,Mymensingh,2024-08-02
C0520,Customer 0520,Male,36,Rangpur,2025-06-09
C0521,Customer 0521,Male,29,Gazipur,2024-08-02
C0522,Customer 0522,Female,25,Gazipur,2025-02-06
C0523,Customer 0523,Male,25,Chattogram,2024-05-07
C0524,Customer 0524,Female,29,Barishal,2025-04-21
C0525,Customer 0525,Female,50,Barishal,2025-02-07
C0526,Customer 0526,Male,43,Khulna,2024-01-29
C0527,Customer 0527,Female,56,Chattogram,2024-12-03
C0528,Customer 0528,Male,45,Dhaka,2025-12-14
C0529,Customer 0529,Female,22,Barishal,2024-12-26
C0530,Customer 0530,Male,25,Sylhet,2025-07-22
C0531,Customer 0531,Female,42,Cumilla,2025-01-26
C0532,Customer 0532,Female,44,Dhaka,2024-08-05
C0533,Customer 0533,Female,40,Rangpur,2025-07-27
C0534,Customer 0534,Female,47,Sylhet,2025-10-30
C0535,Customer 0535,Male,40,Sylhet,2024-07-20
C0536,Customer 0536,Female,37,Chattogram,2024-01-17
C0537,Customer 0537,Female,35,Khulna,2024-11-17
C0538,Customer 0538,Female,35,Rangpur,2025-06-01
C0539,Customer 0539,Male,19,Barishal,2025-07-23
C0540,Customer 0540,Female,21,Chattogram,2024-11-20
C0541,Customer 0541,Female,47,Barishal,2025-02-15
C0542,Customer 0542,Female,50,Chattogram,2024-11-13
C0543,Customer 0543,Male,53,Chattogram,2025-11-11
C0544,Customer 0544,Female,35,Chattogram,2024-03-22
C0545,Customer 0545,Male,54,Khulna,2025-04-18
C0546,Customer 0546,Female,36,Chattogram,2025-04-12
C0547,Customer 0547,Male,45,Rajshahi,2025-02-28
C0548,Customer 0548,Female,57,Cumilla,2025-12-31
C0549,Customer 0549,Female,37,Barishal,2025-11-19
C0550,Customer 0550,Male,50,Dhaka,2024-07-22
C0551,Customer 0551,Female,29,Mymensingh,2025-08-05
C0552,Customer 0552,Male,32,Rangpur,2025-01-21
C0553,Customer 0553,Female,58,Gazipur,2024-04-07
C0554,Customer 0554,Female,56,Khulna,2024-12-10
C0555,Customer 0555,Female,19,Dhaka,2024-07-26
C0556,Customer 0556,Female,46,Sylhet,2025-05-28
C0557,Customer 0557,Female,58,Rajshahi,2025-09-27
C0558,Customer 0558,Male,27,Gazipur,2025-08-08
C0559,Customer 0559,Male,19,Mymensingh,2024-06-14
C0560,Customer 0560,Female,28,Dhaka,2024-01-22
C0561,Customer 0561,Female,30,Gazipur,2024-06-02
C0562,Customer 0562,Female,27,Dhaka,2025-03-14
C0563,Customer 0563,Female,31,Rajshahi,2024-10-21
C0564,Customer 0564,Male,35,Mymensingh,2024-08-06
C0565,Customer 0565,Female,26,Sylhet,2025-10-30
C0566,Customer 0566,Male,56,Chattogram,2025-05-09
C0567,Customer 0567,Female,45,Barishal,2024-08-17
C0568,Customer 0568,Male,20,Sylhet,2024-01-20
C0569,Customer 0569,Male,37,Chattogram,2025-07-06
C0570,Customer 0570,Male,23,Khulna,2024-05-27
C0571,Customer 0571,Male,44,Cumilla,2024-04-17
C0572,Customer 0572,Female,19,Rangpur,2025-02-06
C0573,Customer 0573,Male,46,Rangpur,2025-08-18
C0574,Customer 0574,Male,55,Barishal,2025-04-27
C0575,Customer 0575,Male,20,Mymensingh,2025-01-01
C0576,Customer 0576,Male,33,Rajshahi,2025-02-17
C0577,Customer 0577,Male,47,Mymensingh,2024-11-04
C0578,Customer 0578,Male,57,Rajshahi,2024-05-13
C0579,Customer 0579,Female,19,Mymensingh,2025-12-19
C0580,Customer 0580,Female,34,Cumilla,2024-10-09
C0581,Customer 0581,Female,58,Khulna,2024-03-13
C0582,Customer 0582,Male,29,Khulna,2025-04-25
C0583,Customer 0583,Male,52,Chattogram,2024-12-17
C0584,Customer 0584,Female,60,Gazipur,2025-07-13
C0585,Customer 0585,Male,18,Khulna,2024-11-21
C0586,Customer 0586,Male,32,Khulna,2025-03-18
C0587,Customer 0587,Male,43,Sylhet,2024-04-09
C0588,Customer 0588,Male,54,Sylhet,2024-02-28
C0589,Customer 0589,Male,38,Chattogram,2025-05-22
C0590,Customer 0590,Male,48,Gazipur,2024-09-14
C0591,Customer 0591,Female,42,Barishal,2025-02-16
C0592,Customer 0592,Female,40,Sylhet,2025-03-27
C0593,Customer 0593,Female,41,Barishal,2024-03-05
C0594,Customer 0594,Female,55,Dhaka,2025-08-17
C0595,Customer 0595,Female,45,Sylhet,2024-06-02
C0596,Customer 0596,Female,38,Cumilla,2024-09-22
C0597,Customer 0597,Female,60,Gazipur,2024-03-19
C0598,Customer 0598,Male,35,Chattogram,2024-11-10
C0599,Customer 0599,Male,53,Dhaka,2025-10-23
C0600,Customer 0600,Male,52,Gazipur,2025-07-13
C0601,Customer 0601,Female,26,Cumilla,2024-09-04
C0602,Customer 0602,Female,55,Gazipur,2025-09-01
C0603,Customer 0603,Male,47,Cumilla,2025-02-17
C0604,Customer 0604,Female,51,Cumilla,2024-01-25
C0605,Customer 0605,Male,49,Barishal,2024-10-10
C0606,Customer 0606,Female,20,Mymensingh,2025-03-24
C0607,Customer 0607,Male,20,Dhaka,2024-10-27
C0608,Customer 0608,Male,45,Gazipur,2024-03-08
C0609,Customer 0609,Male,32,Rajshahi,2024-01-07
C0610,Customer 0610,Male,58,Dhaka,2024-05-16
C0611,Customer 0611,Male,40,Mymensingh,2024-06-12
C0612,Customer 0612,Male,57,Dhaka,2024-03-23
C0613,Customer 0613,Female,28,Khulna,2025-10-11
C0614,Customer 0614,Female,49,Rajshahi,2025-02-23
C0615,Customer 0615,Male,53,Mymensingh,2024-03-13
C0616,Customer 0616,Female,50,Barishal,2024-08-24
C0617,Customer 0617,Female,41,Gazipur,2024-02-15
C0618,Customer 0618,Male,56,Rangpur,2025-09-09
C0619,Customer 0619,Male,51,Mymensingh,2024-09-18
C0620,Customer 0620,Male,45,Chattogram,2024-06-24
C0621,Customer 0621,Male,54,Gazipur,2024-06-14
C0622,Customer 0622,Female,24,Mymensingh,2025-10-18
C0623,Customer 0623,Male,21,Khulna,2025-01-04
C0624,Customer 0624,Female,54,Rangpur,2024-02-23
C0625,Customer 0625,Female,18,Khulna,2025-11-20
C0626,Customer 0626,Male,18,Rangpur,2025-02-22
C0627,Customer 0627,Female,37,Chattogram,2025-05-21
C0628,Customer 0628,Male,36,Gazipur,2024-12-06
C0629,Customer 0629,Female,46,Barishal,2024-05-06
C0630,Customer 0630,Male,27,Khulna,2025-02-12
C0631,Customer 0631,Female,35,Khulna,2025-01-01
C0632,Customer 0632,Female,45,Cumilla,2024-09-27
C0633,Customer 0633,Male,52,Rangpur,2025-10-05
C0634,Customer 0634,Female,60,Sylhet,2025-08-27
C0635,Customer 0635,Female,48,Gazipur,2025-01-13
C0636,Customer 0636,Female,44,Rangpur,2024-03-13
C0637,Customer 0637,Female,28,Cumilla,2024-09-04
C0638,Customer 0638,Female,55,Dhaka,2024-02-12
C0639,Customer 0639,Male,22,Rangpur,2025-01-11
C0640,Customer 0640,Male,25,Barishal,2024-02-10
C0641,Customer 0641,Female,51,Gazipur,2024-06-18
C0642,Customer 0642,Male,29,Cumilla,2024-07-30
C0643,Customer 0643,Female,55,Dhaka,2025-05-07
C0644,Customer 0644,Female,18,Rajshahi,2025-11-10
C0645,Customer 0645,Male,48,Cumilla,2024-02-08
C0646,Customer 0646,Male,21,Rajshahi,2025-01-03
C0647,Customer 0647,Female,22,Gazipur,2024-05-30
C0648,Customer 0648,Male,47,Khulna,2024-04-20
C0649,Customer 0649,Female,41,Cumilla,2025-04-24
C0650,Customer 0650,Male,20,Chattogram,2025-03-11
C0651,Customer 0651,Female,28,Rajshahi,2024-02-16
C0652,Customer 0652,Male,21,Barishal,2025-07-28
C0653,Customer 0653,Female,43,Chattogram,2024-12-31
C0654,Customer 0654,Male,44,Mymensingh,2024-03-09
C0655,Customer 0655,Female,60,Mymensingh,2024-10-25
C0656,Customer 0656,Male,44,Dhaka,2024-10-22
C0657,Customer 0657,Female,59,Khulna,2024-07-21
C0658,Customer 0658,Female,23,Gazipur,2024-03-01
C0659,Customer 0659,Male,32,Cumilla,2024-11-09
C0660,Customer 0660,Male,47,Sylhet,2024-06-09
C0661,Customer 0661,Male,59,Barishal,2024-11-26
C0662,Customer 0662,Female,54,Rajshahi,2025-06-11
C0663,Customer 0663,Female,54,Gazipur,2024-12-03
C0664,Customer 0664,Female,59,Chattogram,2025-08-28
C0665,Customer 0665,Male,54,Mymensingh,2024-10-30
C0666,Customer 0666,Male,52,Barishal,2025-05-17
C0667,Customer 0667,Female,40,Sylhet,2025-10-11
C0668,Customer 0668,Male,23,Cumilla,2024-12-03
C0669,Customer 0669,Female,21,Dhaka,2025-07-03
C0670,Customer 0670,Male,35,Sylhet,2025-09-30
C0671,Customer 0671,Female,26,Barishal,2024-10-01
C0672,Customer 0672,Male,46,Sylhet,2024-06-12
C0673,Customer 0673,Male,30,Barishal,2025-03-18
C0674,Customer 0674,Female,34,Barishal,2024-11-14
C0675,Customer 0675,Female,49,Rangpur,2025-08-11
C0676,Customer 0676,Female,39,Rajshahi,2025-05-18
C0677,Customer 0677,Male,21,Mymensingh,2025-11-16
C0678,Customer 0678,Male,22,Rangpur,2025-01-21
C0679,Customer 0679,Female,54,Cumilla,2025-08-25
C0680,Customer 0680,Female,58,Rangpur,2025-11-21
C0681,Customer 0681,Male,30,Khulna,2025-05-08
C0682,Customer 0682,Male,51,Khulna,2025-05-04
C0683,Customer 0683,Male,39,Mymensingh,2025-12-21
C0684,Customer 0684,Female,40,Sylhet,2024-03-13
C0685,Customer 0685,Male,20,Rajshahi,2025-05-23
C0686,Customer 0686,Male,59,Mymensingh,2025-01-24
C0687,Customer 0687,Male,51,Barishal,2025-09-10
C0688,Customer 0688,Male,49,Chattogram,2024-10-21
C0689,Customer 0689,Male,38,Rajshahi,2025-01-03
C0690,Customer 0690,Male,38,Rajshahi,2025-11-24
C0691,Customer 0691,Male,28,Barishal,2025-07-02
C0692,Customer 0692,Female,56,Barishal,2025-10-10
C0693,Customer 0693,Male,21,Dhaka,2025-07-21
C0694,Customer 0694,Female,18,Mymensingh,2024-07-05
C0695,Customer 0695,Female,45,Barishal,2025-03-20
C0696,Customer 0696,Female,41,Khulna,2025-07-23
C0697,Customer 0697,Female,52,Cumilla,2024-12-28
C0698,Customer 0698,Male,30,Chattogram,2024-05-02
C0699,Customer 0699,Male,51,Mymensingh,2024-07-06
C0700,Customer 0700,Female,28,Gazipur,2025-11-10
C0701,Customer 0701,Female,53,Khulna,2025-02-23
C0702,Customer 0702,Female,34,Sylhet,2025-09-17
C0703,Customer 0703,Female,52,Barishal,2024-09-08
C0704,Customer 0704,Female,35,Gazipur,2025-09-10
C0705,Customer 0705,Male,57,Barishal,2025-07-02
C0706,Customer 0706,Male,39,Rajshahi,2024-11-30
C0707,Customer 0707,Female,41,Khulna,2024-04-01
C0708,Customer 0708,Female,36,Rajshahi,2025-06-13
C0709,Customer 0709,Male,54,Dhaka,2024-03-03
C0710,Customer 0710,Female,56,Rajshahi,2025-10-23
C0711,Customer 0711,Male,38,Dhaka,2025-05-26
C0712,Customer 0712,Female,25,Dhaka,2024-05-18
C0713,Customer 0713,Male,45,Gazipur,2025-11-28
C0714,Customer 0714,Male,22,Barishal,2024-07-03
C0715,Customer 0715,Female,34,Sylhet,2024-07-23
C0716,Customer 0716,Male,54,Rajshahi,2024-08-01
C0717,Customer 0717,Female,53,Khulna,2024-09-12
C0718,Customer 0718,Female,36,Dhaka,2024-05-14
C0719,Customer 0719,Female,44,Barishal,2025-07-26
C0720,Customer 0720,Male,51,Chattogram,2024-03-28
C0721,Customer 0721,Male,28,Mymensingh,2024-07-25
C0722,Customer 0722,Male,29,Gazipur,2024-05-08
C0723,Customer 0723,Female,38,Sylhet,2024-01-03
C0724,Customer 0724,Female,28,Rangpur,2024-04-30
C0725,Customer 0725,Female,56,Gazipur,2025-01-19
C0726,Customer 0726,Female,45,Chattogram,2025-09-05
C0727,Customer 0727,Female,22,Mymensingh,2024-02-07
C0728,Customer 0728,Female,34,Chattogram,2024-12-06
C0729,Customer 0729,Male,37,Rajshahi,2025-10-06
C0730,Customer 0730,Female,58,Dhaka,2025-12-14
C0731,Customer 0731,Male,29,Sylhet,2024-01-21
C0732,Customer 0732,Female,23,Cumilla,2024-08-29
C0733,Customer 0733,Female,34,Dhaka,2025-03-30
C0734,Customer 0734,Female,36,Cumilla,2025-09-12
C0735,Customer 0735,Male,43,Mymensingh,2024-10-29
C0736,Customer 0736,Male,49,Barishal,2025-08-18
C0737,Customer 0737,Male,23,Rangpur,2025-08-17
C0738,Customer 0738,Male,53,Khulna,2024-03-09
C0739,Customer 0739,Male,55,Dhaka,2024-05-08
C0740,Customer 0740,Female,28,Sylhet,2024-07-14
C0741,Customer 0741,Female,50,Chattogram,2024-05-19
C0742,Customer 0742,Male,41,Sylhet,2025-03-19
C0743,Customer 0743,Male,40,Mymensingh,2024-10-09
C0744,Customer 0744,Male,32,Cumilla,2024-11-07
C0745,Customer 0745,Female,44,Chattogram,2025-06-18
C0746,Customer 0746,Male,28,Khulna,2025-10-26
C0747,Customer 0747,Female,34,Khulna,2024-10-03
C0748,Customer 0748,Male,31,Dhaka,2024-03-01
C0749,Customer 0749,Female,44,Mymensingh,2024-11-14
C0750,Customer 0750,Female,35,Barishal,2024-02-21
C0751,Customer 0751,Male,45,Mymensingh,2024-06-01
C0752,Customer 0752,Female,21,Cumilla,2024-11-06
C0753,Customer 0753,Male,24,Sylhet,2025-06-27
C0754,Customer 0754,Female,52,Khulna,2025-07-20
C0755,Customer 0755,Male,26,Sylhet,2025-01-23
C0756,Customer 0756,Female,25,Sylhet,2025-07-01
C0757,Customer 0757,Female,34,Sylhet,2025-09-13
C0758,Customer 0758,Female,34,Khulna,2024-06-25
C0759,Customer 0759,Female,50,Gazipur,2024-12-27
C0760,Customer 0760,Male,49,Rajshahi,2024-11-09
C0761,Customer 0761,Male,25,Cumilla,2024-04-06
C0762,Customer 0762,Male,36,Gazipur,2024-07-31
C0763,Customer 0763,Male,55,Cumilla,2024-05-16
C0764,Customer 0764,Female,20,Chattogram,2024-01-06
C0765,Customer 0765,Male,22,Mymensingh,2024-04-18
C0766,Customer 0766,Female,30,Mymensingh,2025-06-30
C0767,Customer 0767,Female,48,Rangpur,2024-02-08
C0768,Customer 0768,Female,33,Mymensingh,2025-10-23
C0769,Customer 0769,Male,49,Khulna,2025-02-28
C0770,Customer 0770,Female,39,Barishal,2025-09-21
C0771,Customer 0771,Female,46,Dhaka,2024-09-17
C0772,Customer 0772,Male,39,Rangpur,2025-03-01
C0773,Customer 0773,Female,60,Dhaka,2024-03-27
C0774,Customer 0774,Female,20,Cumilla,2025-04-09
C0775,Customer 0775,Male,27,Dhaka,2024-03-16
C0776,Customer 0776,Male,59,Dhaka,2025-04-15
C0777,Customer 0777,Male,38,Rangpur,2025-02-17
C0778,Customer 0778,Male,33,Chattogram,2025-12-26
C0779,Customer 0779,Male,29,Sylhet,2025-04-01
C0780,Customer 0780,Male,19,Mymensingh,2024-10-11
C0781,Customer 0781,Male,58,Mymensingh,2024-08-26
C0782,Customer 0782,Male,41,Khulna,2025-11-07
C0783,Customer 0783,Female,52,Rangpur,2025-08-21
C0784,Customer 0784,Female,47,Khulna,2025-10-14
C0785,Customer 0785,Female,47,Barishal,2025-11-02
C0786,Customer 0786,Male,52,Barishal,2025-07-11
C0787,Customer 0787,Male,36,Khulna,2025-01-06
C0788,Customer 0788,Male,25,Rangpur,2025-05-09
C0789,Customer 0789,Male,43,Khulna,2025-09-15
C0790,Customer 0790,Male,57,Mymensingh,2024-02-14
C0791,Customer 0791,Female,24,Gazipur,2025-02-04
C0792,Customer 0792,Male,47,Rajshahi,2024-09-03
C0793,Customer 0793,Female,24,Dhaka,2025-09-07
C0794,Customer 0794,Female,20,Rajshahi,2025-08-19
C0795,Customer 0795,Male,18,Rangpur,2025-03-25
C0796,Customer 0796,Male,53,Rajshahi,2025-04-29
C0797,Customer 0797,Female,42,Barishal,2025-10-07
C0798,Customer 0798,Male,54,Cumilla,2025-09-11
C0799,Customer 0799,Male,18,Dhaka,2024-01-18
C0800,Customer 0800,Female,32,Sylhet,2025-08-28
C0801,Customer 0801,Male,54,Rangpur,2025-10-23
C0802,Customer 0802,Female,30,Dhaka,2024-10-15
C0803,Customer 0803,Female,57,Rajshahi,2025-02-17
C0804,Customer 0804,Male,25,Barishal,2025-12-21
C0805,Customer 0805,Male,22,Chattogram,2025-09-29
C0806,Customer 0806,Male,26,Gazipur,2024-08-22
C0807,Customer 0807,Male,18,Sylhet,2025-02-19
C0808,Customer 0808,Male,53,Gazipur,2025-05-13
C0809,Customer 0809,Female,52,Dhaka,2025-09-25
C0810,Customer 0810,Male,19,Barishal,2025-10-11
C0811,Customer 0811,Male,57,Barishal,2024-04-24
C0812,Customer 0812,Female,40,Rajshahi,2025-11-04
C0813,Customer 0813,Female,26,Mymensingh,2025-12-13
C0814,Customer 0814,Female,51,Rajshahi,2024-08-21
C0815,Customer 0815,Male,31,Mymensingh,2025-06-23
C0816,Customer 0816,Female,21,Mymensingh,2024-01-11
C0817,Customer 0817,Female,47,Sylhet,2024-07-24
C0818,Customer 0818,Male,48,Rajshahi,2025-11-09
C0819,Customer 0819,Male,55,Chattogram,2024-09-03
C0820,Customer 0820,Female,28,Khulna,2025-07-12
C0821,Customer 0821,Male,52,Khulna,2024-05-06
C0822,Customer 0822,Male,25,Rajshahi,2024-05-26
C0823,Customer 0823,Male,20,Rajshahi,2024-04-27
C0824,Customer 0824,Male,31,Gazipur,2025-01-16
C0825,Customer 0825,Female,30,Sylhet,2025-02-15
C0826,Customer 0826,Female,49,Rajshahi,2025-10-25
C0827,Customer 0827,Female,51,Gazipur,2025-08-06
C0828,Customer 0828,Male,36,Mymensingh,2024-12-28
C0829,Customer 0829,Male,55,Barishal,2025-05-23
C0830,Customer 0830,Male,33,Barishal,2024-05-16
C0831,Customer 0831,Male,19,Mymensingh,2024-06-23
C0832,Customer 0832,Male,57,Rangpur,2024-10-15
C0833,Customer 0833,Female,34,Gazipur,2025-04-25
C0834,Customer 0834,Male,51,Gazipur,2024-01-19
C0835,Customer 0835,Female,59,Mymensingh,2024-07-13
C0836,Customer 0836,Male,33,Chattogram,2024-11-25
C0837,Customer 0837,Male,55,Cumilla,2024-06-23
C0838,Customer 0838,Male,19,Dhaka,2025-03-24
C0839,Customer 0839,Female,19,Mymensingh,2024-12-19
C0840,Customer 0840,Female,43,Rajshahi,2025-05-13
C0841,Customer 0841,Female,30,Rajshahi,2024-05-20
C0842,Customer 0842,Male,48,Sylhet,2024-04-02
C0843,Customer 0843,Male,51,Mymensingh,2024-08-26
C0844,Customer 0844,Female,56,Sylhet,2024-07-23
C0845,Customer 0845,Male,20,Mymensingh,2025-07-13
C0846,Customer 0846,Female,25,Gazipur,2025-03-08
C0847,Customer 0847,Male,40,Dhaka,2024-09-01
C0848,Customer 0848,Male,31,Gazipur,2024-11-12
C0849,Customer 0849,Male,44,Cumilla,2024-10-21
C0850,Customer 0850,Male,46,Barishal,2025-10-01
C0851,Customer 0851,Female,56,Khulna,2024-10-08
C0852,Customer 0852,Male,56,Mymensingh,2024-01-17
C0853,Customer 0853,Male,18,Cumilla,2024-03-11
C0854,Customer 0854,Male,34,Barishal,2024-09-25
C0855,Customer 0855,Male,58,Rangpur,2024-11-20
C0856,Customer 0856,Female,47,Dhaka,2024-10-31
C0857,Customer 0857,Female,30,Sylhet,2025-03-26
C0858,Customer 0858,Female,38,Sylhet,2024-01-07
C0859,Customer 0859,Female,36,Gazipur,2024-11-09
C0860,Customer 0860,Male,36,Rajshahi,2024-04-12
C0861,Customer 0861,Female,42,Barishal,2024-07-11
C0862,Customer 0862,Male,39,Rangpur,2025-07-27
C0863,Customer 0863,Male,48,Cumilla,2025-06-12
C0864,Customer 0864,Female,34,Dhaka,2024-06-19
C0865,Customer 0865,Male,40,Barishal,2025-06-20
C0866,Customer 0866,Female,49,Rangpur,2024-09-07
C0867,Customer 0867,Male,27,Khulna,2025-01-21
C0868,Customer 0868,Female,27,Mymensingh,2024-07-25
C0869,Customer 0869,Female,53,Sylhet,2025-06-24
C0870,Customer 0870,Female,25,Cumilla,2025-09-20
C0871,Customer 0871,Female,37,Sylhet,2025-02-19
C0872,Customer 0872,Female,49,Cumilla,2025-01-14
C0873,Customer 0873,Male,31,Gazipur,2024-05-23
C0874,Customer 0874,Male,45,Rajshahi,2024-01-25
C0875,Customer 0875,Male,41,Cumilla,2025-10-29
C0876,Customer 0876,Female,32,Sylhet,2024-03-13
C0877,Customer 0877,Male,39,Gazipur,2025-09-23
C0878,Customer 0878,Female,47,Cumilla,2024-04-02
C0879,Customer 0879,Male,21,Khulna,2025-05-19
C0880,Customer 0880,Male,30,Rajshahi,2025-08-20
C0881,Customer 0881,Female,40,Cumilla,2024-12-01
C0882,Customer 0882,Male,25,Gazipur,2025-02-28
C0883,Customer 0883,Male,35,Barishal,2025-05-13
C0884,Customer 0884,Male,29,Chattogram,2024-12-29
C0885,Customer 0885,Female,48,Rangpur,2025-09-21
C0886,Customer 0886,Female,31,Chattogram,2024-07-17
C0887,Customer 0887,Male,51,Chattogram,2025-12-18
C0888,Customer 0888,Male,35,Dhaka,2025-02-16
C0889,Customer 0889,Male,51,Khulna,2024-12-04
C0890,Customer 0890,Female,28,Barishal,2025-10-20
C0891,Customer 0891,Female,58,Mymensingh,2025-03-04
C0892,Customer 0892,Male,29,Cumilla,2024-05-18
C0893,Customer 0893,Male,32,Rangpur,2025-11-23
C0894,Customer 0894,Male,48,Rajshahi,2025-06-25
C0895,Customer 0895,Female,46,Barishal,2024-02-26
C0896,Customer 0896,Female,43,Sylhet,2024-08-19
C0897,Customer 0897,Male,35,Mymensingh,2025-10-19
C0898,Customer 0898,Male,49,Dhaka,2025-03-10
C0899,Customer 0899,Male,39,Dhaka,2025-01-18
C0900,Customer 0900,Female,55,Barishal,2025-07-13
C0901,Customer 0901,Male,34,Gazipur,2024-07-12
C0902,Customer 0902,Female,40,Chattogram,2025-10-09
C0903,Customer 0903,Female,41,Sylhet,2025-06-17
C0904,Customer 0904,Male,25,Dhaka,2025-06-01
C0905,Customer 0905,Male,58,Rangpur,2025-12-16
C0906,Customer 0906,Male,23,Dhaka,2024-07-03
C0907,Customer 0907,Female,22,Rajshahi,2024-10-18
C0908,Customer 0908,Female,46,Cumilla,2024-11-30
C0909,Customer 0909,Female,45,Dhaka,2024-04-25
C0910,Customer 0910,Female,28,Rajshahi,2024-02-18
C0911,Customer 0911,Male,18,Barishal,2025-11-15
C0912,Customer 0912,Female,60,Barishal,2024-03-22
C0913,Customer 0913,Female,36,Mymensingh,2024-11-28
C0914,Customer 0914,Male,26,Dhaka,2025-07-10
C0915,Customer 0915,Female,44,Rangpur,2024-11-30
C0916,Customer 0916,Female,51,Dhaka,2025-06-15
C0917,Customer 0917,Female,21,Rangpur,2024-08-08
C0918,Customer 0918,Female,53,Khulna,2025-09-26
C0919,Customer 0919,Female,35,Mymensingh,2024-11-18
C0920,Customer 0920,Female,32,Khulna,2024-01-03
C0921,Customer 0921,Male,30,Dhaka,2025-11-24
C0922,Customer 0922,Male,36,Mymensingh,2024-07-24
C0923,Customer 0923,Female,23,Khulna,2024-02-09
C0924,Customer 0924,Male,29,Chattogram,2024-02-28
C0925,Customer 0925,Male,54,Dhaka,2025-07-27
C0926,Customer 0926,Male,34,Khulna,2025-10-05
C0927,Customer 0927,Male,40,Chattogram,2025-05-21
C0928,Customer 0928,Female,43,Chattogram,2025-07-25
C0929,Customer 0929,Female,46,Barishal,2024-05-01
C0930,Customer 0930,Male,50,Dhaka,2025-04-23
C0931,Customer 0931,Male,44,Chattogram,2025-09-10
C0932,Customer 0932,Male,42,Barishal,2024-04-05
C0933,Customer 0933,Female,27,Khulna,2025-02-17
C0934,Customer 0934,Female,40,Rajshahi,2024-08-22
C0935,Customer 0935,Male,38,Dhaka,2024-03-02
C0936,Customer 0936,Female,38,Mymensingh,2024-09-12
C0937,Customer 0937,Female,60,Rangpur,2025-07-14
C0938,Customer 0938,Female,30,Rangpur,2024-12-13
C0939,Customer 0939,Female,54,Khulna,2025-11-01
C0940,Customer 0940,Male,50,Gazipur,2024-05-03
C0941,Customer 0941,Female,41,Gazipur,2025-04-26
C0942,Customer 0942,Male,28,Khulna,2024-11-12
C0943,Customer 0943,Female,34,Chattogram,2025-05-18
C0944,Customer 0944,Female,21,Dhaka,2025-12-19
C0945,Customer 0945,Female,42,Rangpur,2024-02-17
C0946,Customer 0946,Female,47,Rangpur,2025-02-12
C0947,Customer 0947,Male,26,Chattogram,2024-05-15
C0948,Customer 0948,Female,38,Rangpur,2024-07-19
C0949,Customer 0949,Female,37,Mymensingh,2024-09-06
C0950,Customer 0950,Female,36,Dhaka,2024-11-09
C0951,Customer 0951,Male,36,Cumilla,2025-01-02
C0952,Customer 0952,Male,29,Rangpur,2025-03-04
C0953,Customer 0953,Male,54,Khulna,2025-04-24
C0954,Customer 0954,Female,59,Mymensingh,2024-11-09
C0955,Customer 0955,Female,34,Rangpur,2025-05-14
C0956,Customer 0956,Male,54,Mymensingh,2025-12-21
C0957,Customer 0957,Male,56,Barishal,2024-12-20
C0958,Customer 0958,Female,45,Cumilla,2025-04-29
C0959,Customer 0959,Female,58,Sylhet,2024-07-29
C0960,Customer 0960,Female,52,Khulna,2025-12-04
C0961,Customer 0961,Female,35,Khulna,2024-02-13
C0962,Customer 0962,Male,31,Dhaka,2025-06-24
C0963,Customer 0963,Male,52,Mymensingh,2025-07-24
C0964,Customer 0964,Female,58,Chattogram,2025-08-05
C0965,Customer 0965,Female,24,Khulna,2024-04-01
C0966,Customer 0966,Female,58,Mymensingh,2024-09-21
C0967,Customer 0967,Female,30,Mymensingh,2024-08-07
C0968,Customer 0968,Female,35,Rajshahi,2025-03-17
C0969,Customer 0969,Male,54,Rajshahi,2025-02-04
C0970,Customer 0970,Male,30,Sylhet,2025-02-03
C0971,Customer 0971,Male,53,Barishal,2025-12-27
C0972,Customer 0972,Male,48,Sylhet,2025-07-29
C0973,Customer 0973,Female,19,Rangpur,2025-05-04
C0974,Customer 0974,Female,33,Chattogram,2025-04-29
C0975,Customer 0975,Male,26,Rangpur,2025-04-14
C0976,Customer 0976,Male,26,Gazipur,2025-07-27
C0977,Customer 0977,Female,55,Rangpur,2025-11-12
C0978,Customer 0978,Male,28,Dhaka,2025-03-20
C0979,Customer 0979,Female,39,Rangpur,2024-09-25
C0980,Customer 0980,Female,50,Sylhet,2024-09-23
C0981,Customer 0981,Female,53,Khulna,2024-02-23
C0982,Customer 0982,Male,40,Khulna,2025-06-11
C0983,Customer 0983,Male,51,Rajshahi,2025-06-03
C0984,Customer 0984,Female,26,Chattogram,2025-09-07
C0985,Customer 0985,Female,41,Chattogram,2024-02-28
C0986,Customer 0986,Male,25,Dhaka,2024-02-09
C0987,Customer 0987,Female,24,Sylhet,2024-08-24
C0988,Customer 0988,Male,53,Rajshahi,2025-01-20
C0989,Customer 0989,Female,35,Gazipur,2025-08-28
C0990,Customer 0990,Male,20,Chattogram,2025-12-16
C0991,Customer 0991,Female,45,Khulna,2025-10-11
C0992,Customer 0992,Male,23,Rangpur,2024-10-26
C0993,Customer 0993,Male,38,Rangpur,2025-01-29
C0994,Customer 0994,Male,45,Rajshahi,2024-07-25
C0995,Customer 0995,Male,57,Sylhet,2024-12-01
C0996,Customer 0996,Female,18,Sylhet,2025-08-15
C0997,Customer 0997,Female,53,Barishal,2025-12-30
C0998,Customer 0998,Male,38,Cumilla,2025-05-28
C0999,Customer 0999,Male,60,Chattogram,2024-06-26
C1000,Customer 1000,Female,52,Sylhet,2025-01-30
